{
  ".page-wrapper > .container": {
    "x": 0,
    "y": 168,
    "width": 1920,
    "height": 1163.40625
  },
  ".scents-section": {
    "x": 0,
    "y": 1219.40625,
    "width": 1920,
    "height": 988.734375
  },
  ".product-commitment-grid": {
    "x": 0,
    "y": 1118.140625,
    "width": 1920,
    "height": 1155.8125
  },
  ".related-products": {
    "x": 0,
    "y": 1117.953125,
    "width": 1920,
    "height": 957.390625
  },
  ".reviews-section": {
    "x": 0,
    "y": 1018.34375,
    "width": 1920,
    "height": 916.734375
  },
  "overflow": {
    "scrollWidth": 1920,
    "clientWidth": 1920,
    "hasOverflow": false
  }
}